Work ID,Publishing Name,Singer,Title,Composer,Genre,Label Musik,Share Composer,Share Publishing,ISRC,Release Year,Youtube link (if Any)
JQcom01,JQ Composey,Astero Band,Kepastian Cinta,Jajang Hidayat,POP,BIG Records,50,50,,2019,https://www.youtube.com/watch?v=9MImmRSras4
JQcom02,JQ Composey,Astero Band,Khianati Aku,Jajang Hidayat,POP,BIG Records,50,50,,2020,
JQcom03,JQ Composey,Ayank Wulan,Kisah ku,Muhammad Ramonsyah,POP,BIG Records,50,50,,2020,
JQcom04,JQ Composey,Balvant,Prolog,Aris Munandar & Sendi Sendiyana,ROCK,BIG Records,25,50,,2020,
JQcom05,JQ Composey,Balvant,Drama Pertemuan,Aris Munandar & Sendi Sendiyana,ROCK,BIG Records,25,50,,2020,
JQcom06,JQ Composey,Balvant,Rise and War,Aris Munandar & Sendi Sendiyana,ROCK,BIG Records,25,50,,2020,
JQcom07,JQ Composey,Cici Lulu and Granada’s,Jarak dan Waktu,Cici Supriatin,POP,BIG Records,50,50,,2020,
JQcom08,JQ Composey,DEVANKA,Serpihan Hati,Setia Aji,POP,BIG Records,50,50,,2020,
JQcom09,JQ Composey,DEVANKA,Pengertian Cinta,Setia Aji dan Muldan Wijaya Putra,POP,BIG Records,25,50,,2020,
JQcom10,JQ Composey,Erik Mildan,Selamat Pagi Indonesia,Dias Alfian Nugraha,POP,BIG Records,50,50,,2020,
JQcom11,JQ Composey,HUE,Biar Saja,Yuda Tri Sangra,POP,BIG Records,50,50,,2019,https://www.youtube.com/watch?v=5ONnUWxkfe8
JQcom12,JQ Composey,Iqbal Irvana,Walau Patah Hati,Muhammad Ramonsyah,POP,BIG Records,50,50,,2020,
JQcom13,JQ Composey,Isa Angkama,Ikrar,Muhammad Ramonsyah,POP,BIG Records,50,50,,2020,
JQcom14,JQ Composey,Ngiler,Alien,Muhammad Ramonsyah,POP,BIG Records,50,50,,2017,https://www.youtube.com/watch?v=9tNrpV2vjIU
JQcom15,JQ Composey,Ngiler,My Name Is Ay,Muhammad Ramonsyah,POP,BIG Records,50,50,,2020,
JQcom16,JQ Composey,Ngiler,Putus,Muhammad Ramonsyah,POP,BIG Records,50,50,,2017,https://www.youtube.com/watch?v=aYgFYFrFCxA
JQcom17,JQ Composey,Ngiler,Tegar,Muhammad Ramonsyah,POP,BIG Records,50,50,,2017,https://www.youtube.com/watch?v=aQ_4gd-OyrI
JQcom18,JQ Composey,Ngiler,Tuti – Tuti,Muhammad Ramonsyah,POP,BIG Records,50,50,,2017,https://www.youtube.com/watch?v=q6yH4nf_94U
JQcom19,JQ Composey,Ngiler,You Make Me Love,Muhammad Ramonsyah,POP,BIG Records,50,50,,2020,
JQcom20,JQ Composey,Ramon,Kuyang,Muhammad Ramonsyah,POP,BIG Records,50,50,,2020,
JQcom21,JQ Composey,Ramon,Missing,Muhammad Ramonsyah,POP,BIG Records,50,50,,2020,
JQcom22,JQ Composey,Ramon,Blokir,Muhammad Ramonsyah,POP,BIG Records,50,50,,2020,
JQcom23,JQ Composey,Ramon,Kita Sama,Muhammad Ramonsyah,POP,BIG Records,50,50,,2020,
JQcom24,JQ Composey,Rere Renufa,Sesal,Muhammad Ramonsyah,POP,BIG Records,50,50,,2016,https://www.youtube.com/watch?v=dugRRXN0kwU
JQcom25,JQ Composey,Rere Renufa,Cinta Berakhir,Muhammad Ramonsyah,POP,BIG Records,50,50,,2020,
JQcom26,JQ Composey,Rudjack,Melati,Muhammad Ramonsyah,POP,BIG Records,50,50,,2020,
JQcom27,JQ Composey,Rudjack,Hapuslah Sepiku,Muhammad Ramonsyah,POP,BIG Records,50,50,,2020,
JQcom28,JQ Composey,Rully,Cinta Dalam Hati,Ruliansyah,POP,BIG Records,50,50,,2020,
JQcom29,JQ Composey,Sesana,Tanpa Kehadiran Wanita,Sarif Buldansyah Sukma,POP,BIG Records,50,50,,2019,https://www.youtube.com/watch?v=i3-V61az9Wc
JQcom30,JQ Composey,Sheiza,Tak Kan Pernah,Mursana,POP,BIG Records,50,50,,2019,https://www.youtube.com/watch?v=JXlTUoOVsoQ
JQcom31,JQ Composey,Story Mother Day,Hanya Untukmu,Ronnie Gunawan,POP,BIG Records,50,50,,2019,https://www.youtube.com/watch?v=-9q98xho-j8
JQcom32,JQ Composey,Sunu Prasasti,Janji Hujan,Kiki Bagus Sentyaki,POP,BIG Records,50,50,,2020,
JQcom33,JQ Composey,Sunu Prasasti,Makna Kata Rasa,Sunu Prasasti,POP,BIG Records,50,50,,2020,
JQcom34,JQ Composey,Veda,Mundur Perlahan,Veda Danahiswara,POP,BIG Records,50,50,,2020,
JQcom35,JQ Composey,Violency,Gagal Move ON,Reza Hermawan Putra,POP,BIG Records,50,50,,2018,https://www.youtube.com/watch?v=KYIhaFZFYwU
JQcom36,JQ Composey,Violency,Selamat Bahagia,Reza Hermawan Putra,POP,BIG Records,50,50,,2017,https://www.youtube.com/watch?v=sUird3SkUVU
JQcom37,JQ Composey,Violency,Tak Pernah Kalah,Reza Hermawan Putra,POP,BIG Records,50,50,,2017,https://www.youtube.com/watch?v=_uUYN04tq2Y
JQcom38,JQ Composey,Violency,Puber Kedua,Reza Hermawan Putra,POP,BIG Records,50,50,,2019,https://www.youtube.com/watch?v=8dMTwjXlVa8
JQcom39,JQ Composey,Violency,Harapan,Reza Hermawan Putra,POP,BIG Records,50,50,,2017,https://www.youtube.com/watch?v=hNaDPtbcD7o
JQcom40,JQ Composey,Yudi Tamago,Sungguh,Dias Alfian Nugraha,POP,BIG Records,50,50,,2020,
JQcom41,JQ Composey,Hue,My Sexy Devil,Tri Satya Arief,POP,BIG Records,50,50,,2020,
JQcom42,JQ Composey,Story Mother Day,Tak Berarti,Ronnie Gunawan,POP,BIG Records,50,50,,2020,
JQcom43,JQ Composey,Cowkers,Bosan Sama Kamu,Hendragus Fahrian Dony,POP,BIG Records,50,50,,2020,
JQcom44,JQ Composey,Soundsad,Terpisah,Anggra Permana,POP,BIG Records,50,50,,2020,
JQcom45,JQ Composey,Daniakil,Putus,Daniakil,POP,BIG Records,50,50,,2020,
JQcom46,JQ Composey,Daniakil,Jadi Jadohku,Daniakil,POP,BIG Records,50,50,,2019,https://www.youtube.com/watch?v=_K6f_M9Ff3Y
JQcom47,JQ Composey,Daniakil,Lepas,Daniakil,POP,BIG Records,50,50,,2019,https://www.youtube.com/watch?v=ycte8eqs-u4
JQcom48,JQ Composey,Daniakil,Lupakan Kamu,Daniakil,POP,BIG Records,50,50,,2019,https://www.youtube.com/watch?v=lFILmzHFR-k
JQcom49,JQ Composey,Daniakil,Malaikat Kirim Aku Kekasih,Daniakil,POP,BIG Records,50,50,,2020,
JQcom50,JQ Composey,Nami,Bersamaku,Juniar Nay,POP,BIG Records,50,50,,2012,https://www.youtube.com/watch?v=ux7ozkJl-Co
JQcom51,JQ Composey,Nami,Honey ( Cinta Tak Direstui ),Juniar Nay,POP,BIG Records,50,50,,2020,
JQcom52,JQ Composey,Keinan,Shameless,Andika Keinan,POP,BIG Records,50,50,,2020,
JQcom53,JQ Composey,Foster Pink,Imagine,Bianura,POP,BIG Records,50,50,,2020,
JQcom54,JQ Composey,Dessyl,Mimpi Indahku,Fauzy Gunawirawan,POP,BIG Records,50,50,,2020,
JQcom55,JQ Composey,Putri Anastasya,Selalu Mengalah,Firman Ari Kurniawan,POP,BIG Records,50,50,,2020,
JQcom56,JQ Composey,Toro Bujang,Makan Cinta,Sigit Waluyo,POP,BIG Records,50,50,,2020,
JQcom57,JQ Composey,Uut Selly,Aku Trimo,Anton Sugiharto,DANGDUT,Manis Musik,50,50,,2017,DIGITAL Take Down 2 Weeks ago
JQcom58,JQ Composey,Berlin Glad,Cerita Kau dan Aku,Anton Sugiharto,POP,BIG Records,50,50,,2020,
JQcom59,JQ Composey,Uut Selly ,Udan Kenangan,Anton Sugiharto,DANGDUT,Manis Musik,50,50,,2016,https://www.youtube.com/watch?v=vnkQKD0QVWY
JQcom60,JQ Composey,Wiswa Dewi,Kangen Kamu,Anton Sugiharto,DANGDUT,BIG Records,50,50,,2018,
JQcom61,JQ Composey,Echi Fenia,Dulu Sayang Kini Mantan,Anton Sugiharto,DANGDUT,,50,50,,2108,
JQcom62,JQ Composey,UUT Selly,Biduan,Anton Sugiharto,DANGDUT,,50,50,,2016,
JQcom63,JQ Composey,Echi Fenia,Karangan Bunga Dinggo Mantan,Anton Sugiharto,DANGDUT,,50,50,,2018,
JQcom64,JQ Composey,Echi Fenia,Tak Iklasno,Anton Sugiharto,DANGDUT,,50,50,,2018,
JQcom65,JQ Composey,Echi Fenia,Hatiku Menangis Lagi,Anton Sugiharto,DANGDUT,,50,50,,2018,
JQcom66,JQ Composey,Echi Fenia,Kangen Kamu,Anton Sugiharto,DANGDUT,,50,50,,2018,
JQcom67,JQ Composey,Fenia,Cerita Indah,Anton Sugiharto,DANGDUT,,50,50,,2018,
JQcom68,JQ Composey,Fenia,Akhir Cerita di kota jogja,Anton Sugiharto,DANGDUT,,50,50,,2018,
JQcom69,JQ Composey,Fenia,bukan aku yang terbaik untukmu,Anton Sugiharto,DANGDUT,,50,50,,2018,
JQcom70,JQ Composey,Fenia,setetes air mata dan seluas senyuman,Anton Sugiharto,DANGDUT,,50,50,,2018,
JQcom71,JQ Composey,Fenia,separuh jiwa,Anton Sugiharto,DANGDUT,,50,50,,2018,
JQcom72,JQ Composey,Fenia,cinta terpendam di hati,Anton Sugiharto,DANGDUT,,50,50,,2018,
JQcom73,JQ Composey,Fenia,ingin selingkuh tapi tak ingin diselingkuhi,Anton Sugiharto,DANGDUT,,50,50,,2018,
JQcom74,JQ Composey,Fenia,ku rela,Anton Sugiharto,DANGDUT,,50,50,,2018,
JQcom75,JQ Composey,Fenia,Hatiku Menangis Lagi,Anton Sugiharto,DANGDUT,,50,50,,2018,
JQcom76,JQ Composey,Fenia,sangsaka,Anton Sugiharto,DANGDUT,,50,50,,2018,
JQcom77,JQ Composey,ANTZ feat Fenia,kau perkosa atas nama cinta,Anton Sugiharto,DANGDUT,,50,50,,2019,
JQcom78,JQ Composey,Risma Pertiwi,Janda,Anton Sugiharto,DANGDUT,,50,50,,2018,
JQcom79,JQ Composey,DIAJENG,sing tak tresnani,Anton Sugiharto,DANGDUT,,50,50,,2018,https://www.youtube.com/watch?v=KY8cEFHMNIM
JQcom80,JQ Composey,Java Hiphop,cintamu hanya nafsu,Anton Sugiharto,DANGDUT,,50,50,,2019,
JQcom81,JQ Composey,Meri Valencia,"sayang ""kowe raprasaan""",Anton Sugiharto,DANGDUT,,50,50,,2018,
JQcom82,JQ Composey,Anton,roso sik tak tinggal,Anton Sugiharto,DANGDUT,,50,50,,2020,https://www.youtube.com/watch?v=cwZ0fuYfuKY
JQcom83,JQ Composey,Anton,nagih utang,Anton Sugiharto,DANGDUT,,50,50,,2020,
JQcom84,JQ Composey,Nia Sukma,sepi sabendino,Anton Sugiharto,DANGDUT,,50,50,,2020,
JQcom85,JQ Composey,Anton,aku tulang rusuk dudu tulang punggung,Anton Sugiharto,DANGDUT,,50,50,,2020,
JQcom86,JQ Composey,Netra Asamba,Tikungan Sahabat,Anton Sugiharto,DANGDUT,,50,50,,2018,https://www.youtube.com/watch?v=FXQPUU-n74I
JQcom87,JQ Composey,Raskoplo feat Chaca Ayunda,korban biduan,Anton Sugiharto,DANGDUT,,50,50,,2017,https://www.youtube.com/watch?v=7j9-o9Gfc3I
JQcom88,JQ Composey,Raskoplo feat Chaca Ayunda,Ra mangan Cinta,Anton Sugiharto,DANGDUT,,50,50,,2017,https://www.youtube.com/watch?v=dF5NJMOE2Fk
JQcom89,JQ Composey,Fenia,ketika dia datang,Anton Sugiharto,DANGDUT,,50,50,,2018,
JQcom90,JQ Composey,fenia,"2,5 menit terbunuh bersama kenanganmu",Anton Sugiharto,DANGDUT,,50,50,,2018,
JQcom91,JQ Composey,Fenia,tuhan tolong jaga kekasih simpananku,Anton Sugiharto,DANGDUT,,50,50,,2018,
JQcom92,JQ Composey,Raskoplo feat Delia Chery,Gondes Kecu,Anton Sugiharto,DANGDUT,,50,50,,2016,https://www.youtube.com/watch?v=1-jNHPwz6S8
JQcom93,JQ Composey,Fenia,hati dan sugesti,Anton Sugiharto,DANGDUT,,50,50,,2018,
JQcom94,JQ Composey,Fenia,Jika masih Ada Kisah untukmu,Anton Sugiharto,DANGDUT,,50,50,,2018,
JQcom95,JQ Composey,Fenia,Ingatkan Aku di bulan November,Anton Sugiharto,DANGDUT,,50,50,,2020,
JQcom96,JQ Composey,fenia,ketika dia datang,Anton Sugiharto,DANGDUT,,50,50,,2018,
JQcom97,JQ Composey,Fenia,Penyesalan,Anton Sugiharto,DANGDUT,,50,50,,2018,
JQcom98,JQ Composey,Den DRoom,Akhire Pisah,kus Adi Setiawan (DEN DROOM),POP,,50,50,,2020,
JQcom99,JQ Composey,Den DRoom,Nutupi Loro,iman setia budi (DEN DROOM),POP,,50,50,,2020,
JQcom100,JQ Composey,Fajar Milenia,Teko Ngilang,Sofyan Yulianto,DANGDUT,,50,50,,2020,
JQcom101,JQ Composey,Wuri Milenia,Cinta Tak Selamanya Indah,Sofyan Yulianto,DANGDUT,,50,50,,2020,
JQcom102,JQ Composey,Fajar Milenia,Kuto Wates,Sofyan Yulianto,DANGDUT,,50,50,,2020,
JQcom103,JQ Composey,Onyeal,Murka,angga permana,POP,BIG Records,50,50,,2020,
JQcom104,JQ Composey,Bagus hartawan,kenangan,angga permana,POP,BIG Records,50,50,,2020,
JQcom105,JQ Composey,Donlyca,Indonesia Untuk Semua,Hendragus Fahrian Dony,POP,BIG Records,50,50,,2020,
JQcom106,JQ Composey,Kirana,Percuma Setia,Firman Ari Kurniawan,POP,BIG Records,50,50,,2020,
JQcom107,JQ Composey,Ratih,Raiso Gantung,Firman Ari Kurniawan,DANGDUT,BIG Records,50,50,,2020,
JQcom108,JQ Composey,Wename,Jalan Terbaik,Feddy ariesta ramadhany,POP,BIG Records,50,50,,2012,https://www.youtube.com/watch?v=xiHCME_KVV0
JQcom109,JQ Composey,Wename,Takkan Tergantikan,Feddy ariesta ramadhany,POP,BIG Records,50,50,,2016,https://www.youtube.com/watch?v=OPZo-FmXumg
JQcom110,JQ Composey,Rajam,Hura Hura Keheningan,Agung Gunawan,ROCK,BIG Records,50,50,,2020,
JQcom111,JQ Composey,Fery Gaoz,Aku Benci Pikiranku,Fery Al Gifari Gaos,POP,BIG Records,50,50,,2020,
JQcom112,JQ Composey,Keylin Hans Humara,Bintang Kecil,Pahmi Lubis,POP,BIG Records,50,50,,2020,
JQcom113,JQ Composey,Yoga Korrok,Cinta Semu,Made angga permana,POP,BIG Records,50,50,,2020,
JQcom114,JQ Composey,Ayu Zooma,Menari Dalam Derita,Made angga permana,POP,BIG Records,50,50,,2020,
JQcom115,JQ Composey,Vici,Kedua dan Terakhir,Dian Haryana,POP,BIG Records,50,50,,2020,
JQcom116,JQ Composey,Duarr,Lari Dari Kenyataan,Oktavian Hanafi,POP,BIG Records,50,50,,2020,
JQcom117,JQ Composey,Okta,Mimpi Yang Hanya Mimpi,Oktavian Hanafi,POP,BIG Records,50,50,,2020,
JQcom118,JQ Composey,Vebby Kusmawardhani,Sudut Hati,Vebby Kusmawardhani,POP,BIG Records,50,50,,2020,
JQcom119,JQ Composey,Nataku,Tak Harus Memiliki,Andika Satria Nugraha,POP,BIG Records,50,50,,2020,
JQcom120,JQ Composey,Ali Abdillah,Kangen,Tubagus Abdillah,POP,BIG Records,50,50,,2020,
JQcom121,JQ Composey,X-ANO,Long Trip,Yuyu Yuhana ST,POP,BIG Records,50,50,,2020,
JQcom122,JQ Composey,Andri Erlangit,Tinggalkan Saja,Andri Rohdiana,POP,BIG Records,50,50,,2020,
JQcom123,JQ Composey,Andri Erlangit,Bersama Selamanya,Andri Rohdiana,POP,BIG Records,50,50,,2020,
JQcom124,JQ Composey,Fardo Feat. Sella Fernanda,Hapus,Fardo Sidabutar,POP,BIG Records,50,50,,2020,
JQcom125,JQ Composey,Rhaisa Katresna,Mengingatmu ( Remember You ),Fardo Sidabutar,POP,BIG Records,50,50,,2020,
JQcom126,JQ Composey,VICI,10 Mei,Dian Haryana,POP,ONLY PUBLISHING,50,50,,2020,
JQcom127,JQ Composey,VICI,Semangat Untuk Kawan,Dian Haryana,POP,ONLY PUBLISHING,50,50,,2020,
JQcom128,JQ Composey,VICI,Sonia,Dian Haryana,POP,ONLY PUBLISHING,50,50,,2020,
JQcom129,JQ Composey,VICI,Munafik,Dian Haryana,POP,ONLY PUBLISHING,50,50,,2020,
JQcom130,JQ Composey,VICI,Jayalah Indonesia ku,Dian Haryana,POP,ONLY PUBLISHING,50,50,,2020,
JQcom131,JQ Composey,Fantasia,Temukan Langkahku,Oktavian Hanafi,POP,ONLY PUBLISHING,50,50,,2020,
JQcom132,JQ Composey,Fantasia,Dan Sampaikan,Oktavian Hanafi,POP,ONLY PUBLISHING,50,50,,2020,
JQcom133,JQ Composey,Fantasia,Queen of Heart,Oktavian Hanafi,POP,ONLY PUBLISHING,50,50,,2020,
JQcom134,JQ Composey,Fantasia,Nafas Hidupku,Oktavian Hanafi,POP,ONLY PUBLISHING,50,50,,2020,
JQcom135,JQ Composey,Fajar Rain Feat. Dira,Kala Malam Tiba,Fajar Kuspermana,POP,BIG Records,50,50,,2020,
JQcom136,JQ Composey,Ayrinna S.P,Anak Indonesia,Pahmi Lubis,POP,BIG Records,50,50,,2020,
JQcom137,JQ Composey,Foster Pink,Can I,Bianura,POP,BIG Records,50,50,,2020,
JQcom138,JQ Composey,Suho Maherded,Bersyukur,Dedy Yusuf,POP,BIG Records,50,50,,,
JQcom139,JQ Composey,Suho Maherded,Pasrah,Dedy Yusuf,POP,BIG Records,50,50,,,
JQcom140,JQ Composey,Suho Maherded,Tiket Surga,Dedy Yusuf,POP,BIG Records,50,50,,,
JQcom141,JQ Composey,Suho Maherded,25 Nabi,Dedy Yusuf,POP,BIG Records,50,50,,,
JQcom142,JQ Composey,Suho Maherded,Musibah,Dedy Yusuf,POP,BIG Records,50,50,,,
JQcom143,JQ Composey,Suho Maherded,Sedekah,Dedy Yusuf,POP,BIG Records,50,50,,,
JQcom144,JQ Composey,Suho Maherded,Untuk Allah,Dedy Yusuf,POP,BIG Records,50,50,,,
JQcom145,JQ Composey,Suho Maherded,Doa Untuk Ibu,Dedy Yusuf,POP,BIG Records,50,50,,,
JQcom146,JQ Composey,Suho Maherded,Orang Kaya Berkuasa,Dedy Yusuf,POP,BIG Records,50,50,,,
JQcom147,JQ Composey,Suho Maherded,Sempurna Kuasamu,Dedy Yusuf,POP,BIG Records,50,50,,,
JQcom148,JQ Composey,Andi Permadi,Aku Bisa Apa,Sunu Prasasti AJi,POP,BIG Records,50,50,,2015,
JQcom149,JQ Composey,Muhammad Bashor,Teruntuk Calon Mertua,Muhammad Bashor,POP,BIG Records,50,50,,2020,
JQcom150,JQ Composey,Muhammad Bashor,Saling,Muhammad Bashor,POP,BIG Records,50,50,,2020,
JQcom151,JQ Composey,Muhammad Bashor,Menata Hati,Muhammad Bashor,POP,BIG Records,50,50,,2020,
JQcom152,JQ Composey,Muhammad Bashor,Tamat,Muhammad Bashor,POP,BIG Records,50,50,,2020,
JQcom153,JQ Composey,Muhammad Bashor,Bolehkah Ku Bertanya,Muhammad Bashor,POP,BIG Records,50,50,,2020,
JQcom154,JQ Composey,HUE,CIRCLES,"Tri Satya Arief, Denis Bagus Wicaksono, Sabrina Dwi Ananda, Zakarias Topuh",Rock,BIG Records,12.5,50,,2020,
JQcom155,JQ Composey,Apit Riyadi,Pengagum Dirimu,Apit Riyadi,POP,BIG Records,50,50,,2020,
JQcom156,JQ Composey,Cici Lulu Feat Amad,Mama,Cici Supriatin,POP,BIG Records,50,50,,2020,
JQcom157,JQ Composey,Daniakil,Putus ( Acoustic Version ),Daniakil,POP,BIG Records,50,50,,2020,
JQcom158,JQ Composey,Kamar Jiwa,Kita,"Fauzan Hermawan , Moh FItrah Umami",POP,BIG Records,25,50,,2020,https://youtu.be/ixdkyZCmGyQ?si=-42efflmtslwtfAW
JQcom159,JQ Composey,Kamar Jiwa,Di Kota Ini,"Fauzan Hermawan , Moh FItrah Umami",POP,BIG Records,25,50,,2020,https://youtu.be/s-MkMKkNkdM?si=otOOJn56ck4BzWEN
JQcom160,JQ Composey,Kamar Jiwa Feat. Sunu Prasasti,Seperti Bumi,"Fauzan Hermawan , Moh FItrah Umami",POP,BIG Records,25,50,,2020,https://youtu.be/iw1Z3i_lJ90?si=-csyVULeqTtqko0o
JQcom161,JQ Composey,Kamar Jiwa,Yang Tak Terhapuskan,"Fauzan Hermawan , Moh FItrah Umami",POP,BIG Records,25,50,,2020,https://youtu.be/RwftrwC83kI?si=WXCmp18o5pnfy5MO
JQcom162,JQ Composey,Kamar Jiwa,Di Waktu Yang Tak Tepat,"Fauzan Hermawan , Moh FItrah Umami",POP,BIG Records,25,50,,2020,https://youtu.be/8V2sf8mLKdY?si=GF6BeJqPaL8veeut
JQcom163,JQ Composey,Kamar Jiwa,Pemilik Hati,"Fauzan Hermawan , Moh FItrah Umami",POP,BIG Records,25,50,,2020,https://youtu.be/QcOe2DOyYNE?si=lsVCBBJg2dtNua5I
JQcom164,JQ Composey,Kamar Jiwa,Hidup Itu Indah,"Fauzan Hermawan , Moh FItrah Umami",POP,BIG Records,25,50,,2020,https://youtu.be/bJoWJvQXU_I?si=yedrVRC3jMEa9fAF
JQcom165,JQ Composey,Kamar Jiwa,Setelah Hujan,"Fauzan Hermawan , Moh FItrah Umami",POP,BIG Records,25,50,,2020,https://www.youtube.com/watch?v=wuzK4yLtldM
JQcom166,JQ Composey,Kamar Jiwa,Naraka,"Fauzan Hermawan , Moh FItrah Umami",POP,BIG Records,25,50,,2020,https://youtu.be/TxUuDdWljK0?si=cDVIHEQKnHGGxklt
JQcom167,JQ Composey,Vicky Januari,3 Faktor,Hendar Ramdani,POP,BIG Records,50,50,,2020,https://youtu.be/YijlxU9ewtA?si=n8iOOIC3aa02fAJe
JQcom168,JQ Composey,Vicky Januari,Sejati Tanpa Senyummu,"Rangga Nugraha , Herly Hendiwan",POP,BIG Records,50,50,,2020,https://youtu.be/bv1OHHxWN8Y?si=Q6rWaVGyFz6DzVhb
JQcom169,JQ Composey,Vicky Januari,PAMIT,Hendar Ramdani,POP,BIG Records,50,50,,2020,https://youtu.be/7W3Y2Qj4-08?si=V9bgAh9kqUAXCdcy
JQcom170,JQ Composey,Vicky Januari,Sampai Disini,Praja Lesmana,POP,BIG Records,50,50,,2020,https://youtu.be/77vKphTgqtM?si=AoPTqmxEqW9r9R9C
JQcom171,JQ Composey,Vicky Januari,Cerita Lalu,Gardika Sandy,POP,BIG Records,50,50,,2020,https://youtu.be/8iuNLCVmLSY?si=XV18x8fNovZnNA4Z
JQcom172,JQ Composey,Vicky Januari,Lewat Mimpi,Hendar Ramdani,POP,BIG Records,50,50,,2020,https://www.youtube.com/watch?v=ayVbjuNPE4M
JQcom173,JQ Composey,Vicky Januari,Dendam,Praja Lesmana,POP,BIG Records,50,50,,2020,https://youtu.be/gPUaHdZxBco?si=4qG8_zsngZ2-nK24
JQcom174,JQ Composey,SEKUTER,Ambisi,Satria Berbudi,POP,BIG Records,50,50,,2020,
JQcom175,JQ Composey,Vikry Satria Nugraha,Putri Malu,Vikry Satria Nugraha,Pop,BIG Records,50,50,,2021,https://youtu.be/lGnD_nYpN30?si=Yu70HFPRoCfMrssR
JQcom176,JQ Composey,Vikry Satria Nugraha,Dewi Rindu,Vikry Satria Nugraha,Pop,BIG Records,50,50,,2021,https://youtu.be/rk6XwH_Wzwc?si=9sP3J06YbtZgp3X6
JQcom177,JQ Composey,Vicanola,Petualangan Cinta,Catur Hary Cahyono,Pop,BIG Records,50,50,,2021,https://youtu.be/Wb-upn-Kq9o?si=JzuxE7qNHxecNtPr
JQcom178,JQ Composey,Ria Priatama,Pura Pura Cinta,Ria Priatama,Pop,BIG Records,50,50,,2021,https://youtu.be/dWfzs8di2jA?si=ovTapQjE3ih4aPYb
JQcom179,JQ Composey,Our September,Tunggu Aku Di Bandung,Naufal Fadhillah,Pop,BIG Records,50,50,,2021,https://youtu.be/MfOZDCpbT08?si=CmJeLh4bxKMOiKIB
JQcom180,JQ Composey,Kyyy,Jangan Kembali,Apit Riyadi,Pop,BIG Records,50,50,,2021,https://youtu.be/KyzyCuz4wQM?si=00O3ZMzKEanjwvMe
JQcom181,JQ Composey,Nio,Melupakanmu,Risa Febrisa,Pop,BIG Records,50,50,,2021,https://youtu.be/MJH7UEiVfFA?si=xlO3PFnv9VfEnmHo
JQcom182,JQ Composey,Yasbih,Tak Kan Pernah Bisa,Yasbih,Pop,BIG Records,50,50,,2021,https://youtu.be/udq8MzK0OYk?si=wUgfErQaxB93FA-Z
JQcom183,JQ Composey,Story Mother Day,Berakhir,Ronnie Gunawan,Pop,BIG Records,50,50,,2021,https://youtu.be/LOtmlyK1Iqo?si=JuV-8ujxCiUjGvX2
JQcom184,JQ Composey,Bagus,Lagu Sederhana,Bagus Febrian Rachmawan,Pop,BIG Records,50,50,,2021,https://youtu.be/b8Xdi6BDTIw?si=YG3EK7GoHhpEs0Z4
JQcom185,JQ Composey,Dehan,Bila Terdengar Suara Adzan,Roni Nurbini,Religi,BIG Records,50,50,,2021,https://youtu.be/bEEDOfn1U1c?si=z-P6H3TFX60vK1wc
JQcom186,JQ Composey,NK Shanty,Suka Sama Suka,Irfan Kurniawan,Pop,BIG Records,50,50,,2021,https://youtu.be/6uh8EteOiIQ?si=2c3bvs3d1Mh1uwwe
JQcom187,JQ Composey,Haris Mauza,Pusing 7 Keliling,Irfan Kurniawan,Pop,BIG Records,50,50,,2021,https://youtu.be/mOEcNu8VX4w?si=7TlCNh6mxn-GtSIE
JQcom188,JQ Composey,Hue,Dream,"Tri Satya Arief, Zakarias Topuh",Rock,BIG Records,25,50,,2021,https://youtu.be/zYnKJwkAbyQ?si=6LT0uAHaf13rnO08
JQcom189,JQ Composey,Suho Maherded,Hijrah,Dedy Yusuf,Religi,BIG Records,50,50,,2021,
JQcom190,JQ Composey,Suho Maherded,Ta'aruf,Dedy Yusuf,Religi,BIG Records,50,50,,2021,
JQcom191,JQ Composey,Suho Maherded,Sabarlah Sahabatku,Dedy Yusuf,Religi,BIG Records,50,50,,2021,
JQcom192,JQ Composey,Suho Maherded,Kembali Kepadamu,Dedy Yusuf,Religi,BIG Records,50,50,,2021,
JQcom193,JQ Composey,Suho Maherded,Marhaban Ya Ramadhan,Dedy Yusuf,Religi,BIG Records,50,50,,2021,
JQcom194,JQ Composey,Suho Maherded,Menunggu Hidayah,Ahmad Fauzan,Religi,BIG Records,50,50,,2021,
JQcom195,JQ Composey,Suho Maherded,Sholat Subuh,Dedy Yusuf,Religi,BIG Records,50,50,,2021,
JQcom196,JQ Composey,Daniakil X Vici,Selamat Lebaran,Hamdani,Religi,BIG Records,50,50,,2021,https://youtu.be/hnOSwhNaM_g?si=EK86UMAQj7Cx-LIS
JQcom197,JQ Composey,Minerall Effect,Your Life,Gladys Luckyta Putri Raharjo,Pop,BIG Records,50,50,,2021,https://youtu.be/EGVp17-5Xms?si=LgBIGRUVFFutzqyu
JQcom198,JQ Composey,LOGO Band,Ditinggal Kawin,Muhamad Opi Sopian,Pop,BIG Records,50,50,,2021,
JQcom199,JQ Composey,Krisna,Katakan Pada Mama Mu,R Putra Lugina Sukma Nur,Pop,BIG Records,50,50,,2021,
JQcom200,JQ Composey,Mr. Limousine,Sista Mela,Irfan Kurniawan,Pop,BIG Records,50,50,,2021,
JQcom201,JQ Composey,D'Kasta,Move On,Deden Kuswandi,Pop,BIG Records,50,50,,2021,
JQcom202,JQ Composey,Vici,10 Mei ( Lockdown Music LIve ),Dian Haryana,Pop,BIG Records,50,50,,2021,
JQcom203,JQ Composey,Aji Devanka,Tak Mau Berpisah,Setia Aji,Pop,BIG Records,50,50,,2021,
JQcom204,JQ Composey,Hue,Shadow,"Tri Satya Arief, Zakarias Topuh",Pop,BIG Records,25,50,,2021,https://youtu.be/0Uo95OTMrOk?si=M7Frty10OuBqexaU
JQcom205,JQ Composey,Anjas Kumara,Broken,"Fauzan Hermawan, Mohammad Fitrah Umami, Septa Graha, Lukman Nulkarim",Pop,BIG Records,12.5,50,,2021,https://youtu.be/3qEWpYOHuh8?si=lj6EHs_Lwwz_almd
JQcom206,JQ Composey,Kamar Jiwa,Nusantara,"Fauzan Hermawan, Mohammad Fitrah Umami",Pop,BIG Records,25,50,,2021,https://www.youtube.com/watch?v=JZRb40EIgtU
JQcom207,JQ Composey,Harum Dalila,Semua Di Indonesia,Pahmi Lubis,Pop,BIG Records,50,50,,2021,https://www.youtube.com/watch?v=KKaz1HbVVHY
JQcom208,JQ Composey,Oviecesta,Be My Partner,Andri Rohdiana,Pop,BIG Records,50,50,,2021,https://www.youtube.com/watch?v=VfVNrAT_MHU
JQcom209,JQ Composey,Oviecesta,Ada Aku,Moch. Shovie Vicesta,Pop,BIG Records,50,50,,2021,https://youtu.be/EWw2PbNY8wM?si=NQUN-k4iB_qFIDop
JQcom210,JQ Composey,Kamar Jiwa,Coming Home,"Fauzan Hermawan, Mohammad Fitrah Umami",Pop,BIG Records,25,50,,2021,https://www.youtube.com/watch?v=l9EXtJT1YOA
JQcom211,JQ Composey,Oviecesta,Bahagia Melepasmu,"Moch. Shovie Vicesta, Andri Rohdiana",Pop,BIG Records,50,50,,2021,https://www.youtube.com/watch?v=S-JpAu65ADs
JQcom212,JQ Composey,Sunu Prasasti,Butterfly,Sunu Prasasti,Pop,BIG Records,25,50,,2021,https://youtu.be/67cDi62d4lM?si=5N0OCaPj_7jaALWw
JQcom213,JQ Composey,Kamar Jiwa,Terlahir Juara,"Fauzan Hermawan, Mohammad Fitrah Umami",Pop,BIG Records,25,50,,2021,https://youtu.be/PwzEfN_A4AY?si=5M_Iq6KhDBIcAfjL
JQcom214,JQ Composey,Oviecesta,Ada Aku ( Acoustic Version ),Moch. Shovie Vicesta,Pop,BIG Records,50,50,,2021,https://www.youtube.com/watch?v=3ajrSMiyh3I
JQcom215,JQ Composey,Deva Doremiva,Aku,Mohammad Fitrah Umami,Pop,BIG Records,50,50,,2021,https://youtu.be/-PlZKggvpOk?si=pS6LAnhq4opNmO3n
JQcom216,JQ Composey,Without Name,BIG MAN,Taufan Firmawan,Pop,BIG Records,50,50,,2021,https://youtu.be/Z5UV2chsT5Q?si=eQoyYYJXztEk6vro
JQcom217,JQ Composey,Without Name,Melangkah,Taufan Firmawan,Pop,BIG Records,50,50,,2021,https://youtu.be/pYjHekK8SrU?si=MVAbY76Ik8bxyeb5
JQcom218,JQ Composey,Without Name,Shut Up,Taufan Firmawan,Pop,BIG Records,50,50,,2021,https://youtu.be/ITNWUf8vZOQ?si=tyu7jsPbdUDiHiwO
JQcom219,JQ Composey,Without Name,To Change Strif Strungle,Taufan Firmawan,Pop,BIG Records,50,50,,2021,https://www.youtube.com/watch?v=7pGm1jCkm0s
JQcom220,JQ Composey,Without Name,Wanita Berwajah Dua,Taufan Firmawan,Pop,BIG Records,50,50,,2021,https://youtu.be/pMQ5Ty0KdJc?si=HLrAK_xVPtx97ovi
JQcom221,JQ Composey,Hue,Haunted,"Tri Satya Arief, Denis Bagus Wicaksono, Sabrina Dwi Ananda, Zakarias Topuh,Perianus Gea",Rock,BIG Records,10,50,,2021,https://youtu.be/xubW9O5jOM8?si=ZgEJm_kbHcevuQV3
JQcom222,JQ Composey,Rini Rey,Perih,Oktora Ananta & Bangkit Suharja,POP,BIG Records,25,50,,2021,https://www.youtube.com/watch?v=fQJC0tdTnoc
JQcom223,JQ Composey,Fajar Rain,Tanpa Jejak,Fajar Kuspermana,POP,BIG Records,50,50,,2021,https://www.youtube.com/watch?v=SKXOMGoENxs
JQcom224,JQ Composey,Ramon Ngiler fear Khanza,Dont Take My Home,Muhammad Ramonsyah,POP,BIG Records,50,50,,2021,
JQcom225,JQ Composey,Kamar Jiwa,Tumbuh untuk seribu,"Fauzan Hermawan, Mohammad Fitrah Umami",POP,BIG Records,25,50,,2021,https://www.youtube.com/watch?v=l9EXtJT1YOA
JQcom226,JQ Composey,Andri Saputra,Samawa,Andri Saputra,POP,BIG Records,50,50,,2022,https://youtu.be/3oME80MMXZM?si=69bFqEG6erheSFiY
JQcom227,JQ Composey,Kamar Jiwa,Asmaradhana,"Fauzan Hermawan, Mohammad Fitrah Umami",POP,BIG Records,25,50,,2022,https://youtu.be/X31_TJpN81A?si=SuGz11XxMmGwM54G
JQcom228,JQ Composey,Sahat Siregar,Semua Tentangmu,Sahat Siregar,POP,BIG Records,50,50,,2022,https://www.youtube.com/watch?v=kfhVzP5r6Oc
JQcom229,JQ Composey,Ramadhona,tinggal kegersangan,Pahmi Lubis,POP,Norton Records,50,50,,2021,
JQcom230,JQ Composey,Maya Ulfasari,jangan sampai terlambat,Pahmi Lubis,POP,Norton Records,50,50,,2021,
JQcom231,JQ Composey,Fadiah Dini,jangan sampai berubah,Pahmi Lubis,POP,Norton Records,50,50,,2021,
JQcom232,JQ Composey,caaicaak,karena hutanku,Pahmi Lubis,POP,BIG Records,50,50,,2021,
JQcom233,JQ Composey,Candra Ragil,save our forest,Pahmi Lubis,POP,Norton Records,50,50,,2021,
JQcom234,JQ Composey,Moranda Dalimunthe,semua jadi bencana,Pahmi Lubis,POP,Norton Records,50,50,,2021,
JQcom235,JQ Composey,rina,jangan ubah hutanku,Pahmi Lubis,POP,Norton Records,50,50,,2021,
JQcom236,JQ Composey,Pahmi Ivan Lubis,save our forest save our climate,Pahmi Lubis,POP,Norton Records,50,50,,2021,
JQcom237,JQ Composey,Rimansyah Pandia,Keindahan di Negri ini,Pahmi Lubis,POP,Norton Records,50,50,,2021,
JQcom238,JQ Composey,Fahmi Junior 1,Mereka Salah Apa,Pahmi Lubis,POP,Norton Records,50,50,,2021,
JQcom239,JQ Composey,fajar Sidiq,Lukisan Hutan,Muhammad Ramonsyah,POP,Norton Records,50,50,,2021,
JQcom240,JQ Composey,anggi suciriani,Disini Aku Damai,Muhammad Ramonsyah,POP,Norton Records,50,50,,2021,
JQcom241,JQ Composey,farhan hadi,Save My Forest,Muhammad Ramonsyah,POP,Norton Records,50,50,,2021,
JQcom242,JQ Composey,imonk (Irma Hartini),Jangan rusak hutanku,Muhammad Ramonsyah,POP,Norton Records,50,50,,2021,
JQcom243,JQ Composey,iqbal irvana,kemana hutanku,Muhammad Ramonsyah,POP,Norton Records,50,50,,2021,
JQcom244,JQ Composey,rega,akankah hilang hutanku,Muhammad Ramonsyah,POP,Norton Records,50,50,,2021,
JQcom245,JQ Composey,nio,hutan pagi ini,Muhammad Ramonsyah,POP,Norton Records,50,50,,2021,
JQcom246,JQ Composey,omen (Wanwan Kurnia),hutan tinggal mimpi,Muhammad Ramonsyah,POP,Norton Records,50,50,,2021,
JQcom247,JQ Composey,yasbih,jaga hutan ini hei,Muhammad Ramonsyah,POP,Norton Records,50,50,,2021,
JQcom248,JQ Composey,Nami,Tara Lana (Hanya Singgah),Kiki Iriyana,POP,BIG Records,50,50,,2022,https://youtu.be/oJm1YeXWkh8?si=eKd5aVvJNL15KiXF
JQcom249,JQ Composey,Fadhel Muzar,Today,Fadhel Muzar Saktian,POP,BIG Records,50,50,,2022,https://youtu.be/sGjEcfMKync?si=heyLYz0jKy4VjjUA
JQcom250,JQ Composey,Story Mother Day,Selalu Bersama,"Ronnie Gunawan, Harry Zachary, Andri Rohim",Pop Rock,BIG Records,50,50,,2022,https://youtu.be/AIx2WGinWYc?si=qX2Bj33LJpofJWwk
JQcom251,JQ Composey,Fajar Rain,Ramadhan,Fajar Kuspermana,Religi Muslim,BIG Records,16.66,50,,2022,https://youtu.be/PFVKR72FHAM?si=fHHsB2eIiqfbNyMc
JQcom252,JQ Composey,Pelangi Pasaribu,Seperti Pelangi (Untukmu Mamah),Muhammad Ramonsyah,Children,BIG Records,50,50,,2022,
JQcom253,JQ Composey,Pelangi Pasaribu,I'm Like A Barbie Doll,Muhammad Ramonsyah,Children,BIG Records,50,50,,2022,
JQcom254,JQ Composey,Joe Marnio,Takdirmu Bersamanya,Arif Apriliadi,POP,Norton Records,50,50,,2022,
JQcom255,JQ Composey,Agung Aska,Selalu Ada,Arif Apriliadi,POP,Norton Records,50,50,,2022,
JQcom256,JQ Composey,Galank,Perpisahan Kita,Arif Apriliadi,POP,Norton Records,50,50,,2022,
JQcom257,JQ Composey,Nowadays Erase,Take It Easy,Zihan Tambunan,Electro Pop,BIG Records,50,50,,2022,https://youtu.be/pmIAJwqRzGE?si=HwlLA6BJ_DrZ54Op
JQcom258,JQ Composey,Hue,Strangers,"Tri Satya Arief, Zakarias Topuh",Rock,BIG Records,25,50,,2022,https://youtu.be/ZOJ6XylZ2P4?si=KK1OWUksKKZ_cmLE
JQcom259,JQ Composey,Harris Marchiano,Aku Yang Salah,Arif Apriliadi,POP,Norton Records,50,50,,2022,
JQcom260,JQ Composey,Nowedays Erase,December,Josua Binoto Hamonangan,Electro Pop,BIG Records,50,50,,2022,https://youtu.be/ZHSiCJ7Ikl8?si=NmkycljO9h0vLp-7
JQcom261,JQ Composey,Y.A.W,Don't Let GO,Yafet Ari Wijaya,Bedroom Pop,BIG Records,50,50,,2022,https://youtu.be/89RRpkH58sE?si=uu1mr_Uz9uxSbBfs
JQcom262,JQ Composey,Nowadays Erase,Love for Evermore,Zihan Parsaoran,Electro Pop,BIG Records,50,50,,2022,https://youtu.be/BVvBebOFGVM?si=JevDkHSdxQE6YZhi
JQcom263,JQ Composey,R-Pro,Cyberspace,"Jaenudin Muslim, Eka Putra Pratama, Febrian Andriansyah, Aditya Gustira Pratama",,BIG Records,12.5,50,,2022,https://youtu.be/2YoU9APYJ58?si=9qykb72X7PUPf6y3
JQcom264,JQ Composey,Kamar Jiwa,Akar,Fauzan hermawan dan mohammad firtah umami,pop,BIG Records,25,50,,2022,https://youtu.be/E8SD5bNfXY0?si=57-MWN-PbSKbUoGI
JQcom265,JQ Composey,Vikry Satria Nugraha,Pelangi,Vikry Satria Nugraha,,BIG Records,50,50,,2022,https://youtu.be/gWPtVwo0CJo?si=xvFK_uEoNBJ99LgB
JQcom266,JQ Composey,R-Pro,Blue,Jaenudin Muslim,Electro Pop,BIG Records,50,50,,2022,https://youtu.be/RE34D0qnBJg?si=Q9gd5a21OsbkzPmW
JQcom267,JQ Composey,Nowadays Erase,Tatap Terindah,Zihan Tambunan / Zihan Parsaoran,Electro Pop,BIG Records,50,50,,2022,https://youtu.be/KREAznU75Ao?si=StHjo8iDtSbhv493
JQcom268,JQ Composey,Fadhel Muzar Feat. Euodia Nathania,Here For You,Fadhel Muzar Saktian,,BIG Records,50,50,,2022,https://youtu.be/Of3WCTxzIsI?si=sP3LmGmSqTWgbmPE
JQcom269,JQ Composey,Joe Marino & Harris Marchiano,Belahan Cinta Dunia,Isra Ruddin,,Norton Records,50,50,,2022,
JQcom270,JQ Composey,Fauzan,Hidup Dan Matiku Untukmu,Arif Apriliadi,Pop,Norton Records,50,50,,2022,
JQcom271,JQ Composey,Firmansyah,Terulang Kembali,Dwi Firmansyah,Pop,Norton Records,50,50,,2022,
JQcom272,JQ Composey,Firmansyah,Satu Mimpi,Dwi Firmansyah,Pop,Norton Records,50,50,,2022,
JQcom273,JQ Composey,The Fit,Salahku,Irvan & Catra Krisandi Imanuel,Pop,Norton Records,50,50,,2022,
JQcom274,JQ Composey,The Fit,Jatuh Cinta Lagi,Irvan & Catra Krisandi Imanuel,Pop,Norton Records,50,50,,2022,
JQcom275,JQ Composey,The Fit,Please Be Mine,Irvan & Catra Krisandi Imanuel,Pop,Norton Records,50,50,,2022,
JQcom276,JQ Composey,Kamar Jiwa,Bersamamu Aku Bahagia,Mohammad Fitrah umami,pop,BIG Records,50,50,,2022,https://youtu.be/kMTdMhWF1b4?si=QeG39-ZVDrHdDr3P
JQcom277,JQ Composey,R-Pro,Anomaly,Febrian Andriansyah,Electro Pop,BIG Records,50,50,,2022,https://youtu.be/g9Fj2v5edrY?si=SGcvnRGU9S65t68D
JQcom278,JQ Composey,Y.A.W,Crush,Yafet Ari Wijaya,Electro Pop,BIG Records,50,50,,2022,https://youtu.be/qlfUHktaJVY?si=m-ZfHzCQ6RJ3f1EK
JQcom279,JQ Composey,Nowadays Erase,No One,Josua Binoto Hamonangan,Pop,BIG Records,50,50,,2023,https://youtu.be/F4rALV2EvXU?si=TWEWgYoS8xAF_qEw
JQcom280,JQ Composey,Y.A.W,Happy Birthday,Yafet Ari Wijaya,Pop,BIG Records,50,50,,2023,https://youtu.be/4TPVVJR2N6E?si=YePo6TUHy0CYBBec
JQcom281,JQ Composey,Vikry Satria Nugraha,Lara Menyapa,Vicky Satria Nugraha,Pop,BIG Records,50,50,,2023,https://youtu.be/KwDTcA_GSGQ?si=TmUoR1DHffGv_P7S
JQcom282,JQ Composey,R-Pro,Rotten Apple,Aditya Gustira Pratama,Pop,BIG Records,50,50,,2023,https://youtu.be/_jsX-oRgTN8?si=c9yuGwG45Bun0whS
JQcom283,JQ Composey,Arialsays,Enigma,"Ilham Noor Wijaya, Hardianto Nugroho, Gilang Idham Ibrahim",Pop,BIG Records,16.66,50,,2023,https://youtu.be/O6cejtZI8Qo?si=qmg2K4RsO3rd6bnU
JQcom284,JQ Composey,R-Pro,Clamsy Girls,Febrian Andriansyah,Indie Pop,BIG Records,50,50,,2023,https://youtu.be/axjExwwb6oU?si=hducK0WfvV0N-8mP
JQcom285,JQ Composey,Dizi,The Funniest are The Saddest,Dani Aprian,Pop Indie,BIG Records,50,50,,2023,https://youtu.be/GMJf6CPSd9s?si=IaybpTQo2r3xJs1C
JQcom286,JQ Composey,Vikry Satria Nugraha,Kelam Kujalani,Vikri Satria Nugraha,Pop,BIG Records,50,50,,2023,https://youtu.be/K-n1kdwdZlU?si=JH8ZETHVHZIyEcqc
JQcom287,JQ Composey,Y.A.W,Selesai,Yafet Ari Wijaya,Pop,BIG Records,50,50,,2023,https://youtu.be/efr72UeeDwU?si=-ABv9QGa2094EFg1
JQcom288,JQ Composey,Arialsays,Derana,"Ilham Noor Wijaya, Hardianto Nugroho, Gilang Idham Ibrahim",Pop Indie,BIG Records,16.66,50,,2023,https://youtu.be/ea4b0AKHWO4?si=rgsEbMwwhmD0pFFL
JQcom289,JQ Composey,Dizi,Hopeles Romantics,Dani Aprian,Pop Indie,BIG Records,50,50,,2023,https://youtu.be/Oa9sWpmfgHQ?si=TKao98tTeAJjNaIq
JQcom290,JQ Composey,Sunu Prasasti,Seakan,Sunu Prasasti,Pop Indie,BIG Records,50,50,,2023,https://youtu.be/Mv3P7CSbRo8?si=imkSoi5ft4AuKc10
JQcom291,JQ Composey,Twonda,Yang Terakhir,Dika Kusumah Nugraha,Pop Indie,BIG Records,50,50,,2023,https://youtu.be/hEZekH9VMkQ?si=FoB0v-W3jukcihcB
JQcom292,JQ Composey,Arialsays,Senda Gurau Dunia,"Ilham Noor Wijaya, Hardianto Nugroho, Gilang Idham Ibrahim",Pop Indie,BIG Records,16.66,50,,2023,https://youtu.be/MCpHJmC49iA?si=yBzXlL9uGt5pBBE0
JQcom293,JQ Composey,Fadhel Muzar,Datang Dan Menghilang,Fadhel Muzar ,Pop Indie,BIG Records,50,50,,2023,https://youtu.be/Dw_P26TRlpg?si=82oMKcgaL2k91Dt7
JQcom294,JQ Composey,R-Pro,Voitu A Cod,Eka Putra Pratama,Pop Indie,BIG Records,50,50,,2023,https://youtu.be/xOO_4WAlHSM?si=3OyYTOXoukrmlEpX
JQcom295,JQ Composey,Y.A.W Feat Yafet Kiki,Perankan Dirimu,Yafet Ari Wijaya,Pop Indie,BIG Records,50,50,,2023,https://youtu.be/IE0hwdDMsiI?si=tRUgYbkNROr0h3M7
JQcom296,JQ Composey,Arialsays,For You,"Ilham Noor Wijaya, Hardianto Nugroho, Gilang Idham Ibrahim",Pop Indie,BIG Records,16.66,50,,2023,https://youtu.be/7Rj5ILqTDJo?si=O89brBDxv2pB53wc
JQcom297,JQ Composey,Dizi,Seakan Baik Baik Saja,Dani Aprian,Pop Indie,BIG Records,50,50,,2023,https://youtu.be/Cv3dPvDXDgA?si=x76wGIJQ8_6mSoM6
JQcom298,JQ Composey,Foodomore,Hello Radio,MIKHAEL MESTRO MS,Pop Indie,BIG Records,50,50,,2023,https://youtu.be/MMLpbh5I8aA?si=Yzx4pi1nOeNwLxwF
JQcom299,JQ Composey,Foodomore,Lihat,MIKHAEL MESTRO MS,Pop Indie,BIG Records,50,50,,2023,https://youtu.be/ytpiGzjFYiU?si=1sMbxgsxn1Uzxjrc
JQcom300,JQ Composey,Foodomore,Adinda,"Yulius Aprianto, JOHN RINSON NICOLAUS, ANDHIKA PUDI SISWANTO, SAGIT HARIAJI, Sunu Prasasti",Pop Indie,BIG Records,10,50,,2023,https://youtu.be/qvEQLpHuU1Q?si=_txOB4le-wA0STec
JQcom301,JQ Composey,Foodomore,More Than This !,Yulius Aprianto,Pop Indie,BIG Records,50,50,,2023,https://youtu.be/93zgEtA6mUc?si=FW6Fcb-hmLPvIiue
JQcom302,JQ Composey,Foodomore,Aku Dan Kamu,MIKHAEL MESTRO MS,Pop Indie,BIG Records,50,50,,2023,https://youtu.be/73rUyV5fD_I?si=7Q5xFAuJFNLH32Yg
JQcom303,JQ Composey,Foodomore,Bulan,MIKHAEL MESTRO MS,Pop Indie,BIG Records,50,50,,2023,https://youtu.be/y2XlZlCniIM?si=_Ay90gh-vhTTFu0t
JQcom304,JQ Composey,Foodomore,Would You Be,MIKHAEL MESTRO MS,Pop Indie,BIG Records,50,50,,2023,https://youtu.be/Pe8XlfVxhVQ?si=fKb9FK0vnp9ZRuKS
JQcom305,JQ Composey,Foodomore,Happy Valentine Nona,MIKHAEL MESTRO MS,Pop Indie,BIG Records,50,50,,2023,https://youtu.be/OEvT__k62r8?si=UnegMGqYsTWLAy66
JQcom306,JQ Composey,Foodomore,Lost And Found,Yulius Aprianto,Pop Indie,BIG Records,50,50,,2023,https://youtu.be/wHDmbuBaguc?si=foy4Ypw6n1Annvea
JQcom307,JQ Composey,Foodomore,Gone,"Yulius Aprianto, Mikhael Mestro MS",Pop Indie,BIG Records,25,50,,2023,https://youtu.be/2aMBj6WXbbs?si=CTbTzZCYrdCPYv8n
JQcom308,JQ Composey,Flypay,Kelabu Membiru,"Muhammad Rifal Wahyudi, Repriyanto, Muhamad Ridwan",Pop Indie,BIG Records,16.66,50,,2024,https://youtu.be/g-2qhu3hcOg?si=4iyZS1a3Olru9YSO
JQcom309,JQ Composey,Y.A.W,Reliazed,Yafet Ari Wijaya,POP,BIG Records,50,50,,2024,https://youtu.be/jzyrIPd79dk?si=Q8YVFF2rV5O7cr8o
JQcom310,JQ Composey,R-Pro,Nefarious,Febrian Andriansyah,POP,BIG Records,50,50,,2024,https://youtu.be/-BplI3xV020?si=R72Y519qaJ-B2M5m
JQcom311,JQ Composey,Cev Kevin,Sejati Tak Abadi,"Acep Solihin, Sunu Prasasti",POP,BIG Records,25,50,,2024,https://youtu.be/b_4IGZg9_nE?si=1Lvvx96iD6-6xIB9
JQcom312,JQ Composey,Thursday Evening,HIATUS,Firtiana Sri Rahayu,POP,BIG Records,50,50,,2024,https://youtu.be/6WRe19Wz7Y8?si=0_S_l3kf-25BaDtz
JQcom313,JQ Composey,Cev Kevin,Selamat Lebaran,"Acep Solihin, Sunu Prasasti",POP,BIG Records,25,50,,2024,https://youtu.be/RQIL7jkiAVs?si=sMZMH1PqzCIFE2Hd
JQcom314,JQ Composey,Senduriang,Kepada Sendu,"Herman, Yoga Unggul Pratama ",POP,BIG Records,25,50,,2024,https://youtu.be/W1ZL1mVjrf8?si=tmsAWOQ9lFXIb_lA
JQcom315,JQ Composey,Icmi,Pergi Bersama Luka,Deri Rivana,POP,BIG Records,50,50,,2024,https://youtu.be/OhwmVl7yV8Q?si=NAZkvWfjn5um51iR
JQcom316,JQ Composey,Dizi,Miracle,Dani Aprian,POP,BIG Records,50,50,,2024,https://youtu.be/nYSHV8XHiYs?si=SzFdM26P0R6fOsjO
JQcom317,JQ Composey,Uut Selly,Gondes Kechu,Anton Sugiharto,Dangdut,Manis Musik,50,50,,2024,
JQcom318,JQ Composey,Elinsia Tahana Prananti,Permata Indonesia,Anton Sugiharto,Dangdut,Norton Records,50,50,,2024,
JQcom319,JQ Composey,FENIA,SANG SAKA,Anton Sugiharto,Dangdut,Norton Records,50,50,,2024,
JQcom320,JQ Composey,Vera Pantura,Ora Mangan Cinta,Anton Sugiharto,Dangdut,Manis Musik,50,50,,2024,
JQcom321,JQ Composey,Nana,AKU TULANG RUSUK DUDU TULANG PUNGGUNG,Anton Sugiharto,Dangdut,Manis Musik,50,50,,2024,
JQcom322,JQ Composey,BERLIAN,KARANGAN BUNGA DINGGO MANTAN,Anton Sugiharto,Dangdut,Manis Musik,50,50,,2024,
JQcom323,JQ Composey,Vera Pantura,Nagih Utang,Anton Sugiharto,Dangdut,Manis Musik,50,50,,2024,
JQcom324,JQ Composey,Uut Selly,Korban Biduan,Anton Sugiharto,Dangdut,Manis Musik,50,50,,2024,
JQcom325,JQ Composey,Risma Pratiwi,Janda Semakin Di Depan,Anton Sugiharto,Dangdut,Manis Musik,50,50,,2024,
JQcom326,JQ Composey,Vera Pantura,Jadikan Dia Milikku,Anton Sugiharto,Dangdut,Manis Musik,50,50,,2024,
JQcom327,JQ Composey,Vera Pantura,Sayang Koe Ra Perasaan,Anton Sugiharto,Dangdut,Manis Musik,50,50,,2024,
JQcom328,JQ Composey,R2FAPS,Perankan Dirimu Cover,Yafet Ari Wijaya,Pop,Norton Records,50,50,,2024,
JQcom329,JQ Composey,Rhisma Pertiwi,Sing Tak Tresni,Anton Sugiharto,Dangdut,Manis Musik,50,50,,2024,
JQcom330,JQ Composey,Uut Selly,Aku Trimo,Anton Sugiharto,Dangdut,Manis Musik,50,50,,2024,
JQcom331,JQ Composey,Fenia,Bukan Aku Yang Terbaik Untukmu,Anton Sugiharto,Dangdut,Manis Musik,50,50,,2024,
JQcom332,JQ Composey,Desy Puspita,Setetes Air dan Seluas Senyuman,Anton Sugiharto,Dangdut,Manis Musik,50,50,,2024,
JQcom333,JQ Composey,Uut Selly,Dulu Sayang Kini Mantan,Anton Sugiharto,Dangdut,Manis Musik,50,50,,2024,
JQcom334,JQ Composey,Fenia,Cinta Terpendam,Anton Sugiharto,Dangdut,Manis Musik,50,50,,2024,
JQcom335,JQ Composey,Ceh Kevin,Allahuma labaik,"Isra Ruddin , Sunu Prasasti",Religi,BIG Records,25,50,,2024,https://youtu.be/pgaCLFPEPXw?si=cFGjs-BtQWHozP9D
JQcom336,JQ Composey,Farhan Hafizhan,Twenty Five,Farhan Hafizhan,Pop,BIG Records,50,50,,2024,https://youtu.be/D4JDmT2GUNo?si=eYXdvE65H3UyJIrW
JQcom337,JQ Composey,Dimas Witjak ,Beruntung,Dimas Wicaksono,Pop,BIG Records,50,50,,2024,https://youtu.be/_5QmqVZy3VU?si=XmVcarUyQL2SoQnu
JQcom338,JQ Composey,R-Pro,Cloudburst,Febrian Adriansyah,Pop,BIG Records,50,50,,2024,https://youtu.be/lR1pHL73dGY?si=VOPeYxBnx1FcxbYq
JQcom339,JQ Composey,R-pro,Selaksa,Febrian Adriansyah,Pop,BIG Records,50,50,,2024,https://youtu.be/7e1Sqf4cPDQ?si=Jyj8jL35SY0eem5s
JQcom340,JQ Composey,Foodomore,Teduh,"Yulius Aprianto, JOHN RINSON NICOLAUS, ANDHIKA PUDI SISWANTO, SAGIT HARIAJI, Sunu Prasasti",Pop,BIG Records,10,50,,2024,https://youtu.be/1wHBcv8614Y?si=_fifOmr9wo97oHXu
JQcom341,JQ Composey,Samaria,Mohon Maaf Sebelumnya,Yafet Ari Wijaya,Alternative,BIG Records,50,50,,2024,https://youtu.be/ajDnBJziWXE?si=SpL6kG0f1f4aLd-r
JQcom342,JQ Composey,N2W Project,AKHIR CERITA DI KOTA JOGJA,Anton Sugiharto,Pop,Norton Records,50,50,,2024,
JQcom343,JQ Composey,N2W Project,Ketika Dia Datang,Anton Sugiharto,Pop,Norton Records,50,50,,2024,
JQcom344,JQ Composey,N2W Project,Selalu Setia Disini,Anton Sugiharto,Pop,Norton Records,50,50,,2024,
JQcom345,JQ Composey,N2W Project,Menjadi Kenangan,Anton Sugiharto,Pop,Norton Records,50,50,,2024,
JQcom346,JQ Composey,Dinda Kelani,Imitasi,Anton Sugiharto,Pop,Manis Musik,50,50,,2024,https://youtu.be/zTkGTR63Vwc?si=M18XAeKcvSORy_1R
JQcom347,JQ Composey,Sirkadia,Terkunci,"Aqbil Bani Mutsla , Rangga Nugraha",Pop,BIG Records,25,50,,2024,https://youtu.be/LOVXvKJsBWw?si=xQfBe3FBtJf9Rm_w
JQcom348,JQ Composey,Twonda,Pelengkap Hati,Dika Kusumah Nugraha,Pop,BIG Records,50,50,,2024,https://youtu.be/kGFT4YROfPM?si=FQXSnNsVSvhKU5Xw
JQcom349,JQ Composey,Dimas Witjak,Dalam Asmara,Dimas Wicaksono,Pop,BIG Records,50,50,,2025,https://youtu.be/SNzEeME0kA4?si=NAUFD7w1XUC-ZzWO
JQcom350,JQ Composey,Dimas Witjak,Di Palestina,Dimas Wicaksono,Pop,BIG Records,50,50,,2025,https://youtu.be/0X2jL2CAcOE?si=TGTn0Vms9gmJvU14
JQcom351,JQ Composey,Dimas Witjak,Karena,Dimas Wicaksono,Pop,BIG Records,50,50,,2025,https://youtu.be/wpBQSNa-41M?si=gF_glIgZnIi_XV-n
JQcom352,JQ Composey,Dimas Witjak,Harusnya,Dimas Wicaksono,Pop,BIG Records,50,50,,2025,https://youtu.be/CqyPlGP1znY?si=Q27UOsYdb5D-expI
JQcom353,JQ Composey,Dimas Witjak,Burung Gereja,Dimas Wicaksono,Pop,BIG Records,50,50,,2025,https://youtu.be/vfk2SlQ7bpo?si=a2f3LByS8kOBJWhR
JQcom354,JQ Composey,Dimas Witjak,Negeri Dalam Dongeng,Dimas Wicaksono,Pop,BIG Records,50,50,,2025,https://youtu.be/xVV6UlywAoE?si=XAtqr36WroCKmA4u
JQcom355,JQ Composey,Story Mother Day,SELALU BERSAMA,"Andri Rohim , Harry Zachary , Ronnie Gunawan",Alternative,BIG Records,16.66,50,,2024,https://youtu.be/1rLylIXeh18?si=AeknN0oJ4stIfiDV
JQcom356,JQ Composey,SAMARIA,TRAUMA,Yafet Ari Wijaya,Alternative,BIG Records,50,50,,2024,https://youtu.be/FdqYC9rKMJk?si=L6cXp3S0g_X4VSGC
JQcom357,JQ Composey,"R-Pro,Thursday Evening",Equilibria,Febrian Andriansyah,Pop,BIG Records,50,50,,2024,https://youtu.be/5ILZSHb7JTI?si=AixCoslkAJjLdMVi
JQcom358,JQ Composey,Fadhel Muzar,Maybe Baby,Fadhel Muzar Saktian,POP,BIG Records,50,50,,2024,https://youtu.be/Tn82vjNwCwI?si=x9R-9HSEFQza8iU8
JQcom359,JQ Composey,Fadhel Muzar,Unicorn,Fadhel Muzar Saktian,POP,BIG Records,50,50,,2025,https://youtu.be/1tOKAq81zMw?si=Mups8UyRIe5yJjFg
JQcom360,JQ Composey,Fadhel Muzar,Ku Ingin Engkau,Fadhel Muzar Saktian,POP,BIG Records,50,50,,2025,https://youtu.be/5X38mcdFzb0?si=pYNQYqeqzfnLvqoO
JQcom361,JQ Composey,FOODOMORE,Christmas Truce ,"Yulius Aprianto, JOHN RINSON NICOLAUS, ANDHIKA PUDI SISWANTO, SAGIT HARIAJI, Sunu Prasasti , Mikhael Mestro MS",Pop,BIG Records,8.33,50,,2024,https://youtu.be/9Bc1QUv2g3g?si=EqFDGOlPkAc2mhtv
JQcom362,JQ Composey,FOODOMORE,Tahun Yang Baru ! (Pelan Tapi Party ! ),"Yulius Aprianto, JOHN RINSON NICOLAUS, ANDHIKA PUDI SISWANTO, SAGIT HARIAJI, Sunu Prasasti , Mikhael Mestro MS",Pop,BIG Records,8.33,50,,2024,https://youtu.be/lcfa4cGxhW8?si=FSidbm6gkQe76uwC
JQcom363,JQ Composey,Twonda,Palsu,Dika Kusumah Nugraha,Pop,BIG Records,50,50,,2025,https://youtu.be/Qcja67VCLNE?si=lJsHalaR40Yt8MDI
JQcom364,JQ Composey,Linda,Jangan Ya Dik Ya,Anton Sugiharto,Dangdut,Manis Musik,50,50,,2025,https://youtu.be/vohP2o5VKVM?si=HPTfcuJcEQf-M0jz
JQcom365,JQ Composey,Vitanova,Lost In Deception,"Rangga Nugraha, Herly Hendiwan Rahmadi, Epani Rachmaditia, Isykariman Ismail",Alternative,BIG Records,12.5,50,,2025,https://youtu.be/Opoo1ZuRTPM?si=ql0_1KJQF6SFhGVm
JQcom366,JQ Composey,Vitanova,Manata Hati,Isykariman Ismail,Pop,BIG Records,50,50,,2025,https://youtu.be/FA69TpLp1ho?si=TMfJ_oS8Y4pxMe6_
JQcom367,JQ Composey,Vitanova,Pada Langit,Epani Rachmaditia,Pop,BIG Records,50,50,,2025,
JQcom368,JQ Composey,Vitanova,Lara,Rangga Nugraha,Pop,BIG Records,50,50,,2025,
JQcom369,JQ Composey,Sirn,Melupakanmu,"Radika Arditias, Firman Darmawan",Pop,BIG Records,25,50,,2025,https://youtu.be/dfeX3GJa13U?si=0uFnlKqO2MbzCI6o
JQcom370,JQ Composey,Sirn,Ilusi,Radika Arditias,Pop,BIG Records,50,50,,2025,https://youtu.be/ji2OpJ-Ndak?si=vEcun43yXodHjApf
JQcom371,JQ Composey,Thursday Evening,Heartbreaking,"Fitriana Sri Rahayu , Sandi Rachman , Suherman , Tresna Juliansyah",Alternative,BIG Records,12.5,50,,2025,https://youtu.be/_AxHfttdt-Y?si=hvmm1ndAkcQGn9SU
JQcom372,JQ Composey,Twonda,Echoes,"Dika Kusumah Nugraha, Yana Juniar",Pop,BIG Records,25,50,,2025,https://youtu.be/XGJVywNYzh4?si=AalYEmvmY4yoIkZs
JQcom373,JQ Composey,Twonda,Dua Hati (Keabadian),Dika Kusumah Nugraha,Pop,BIG Records,50,50,,2025,https://youtu.be/eR9FykXp2SE?si=OM5wRIcB08YbB226
JQcom374,JQ Composey,Nisa Elanoer,Teduh (Unplugged),"Yulius Aprianto, JOHN RINSON NICOLAUS, ANDHIKA PUDI SISWANTO, SAGIT HARIAJI, Sunu Prasasti , Mikhael Mestro MS",Pop,BIG Records,8.33,50,,2025,https://youtu.be/nVTqKMOtU-U?si=uNrFIT-bXq74XWYx
JQcom375,JQ Composey,Annasta,Ada Yang Salah,"Febri Yusuf Ramadhan, Sunu Prasasti",Pop,BIG Records,25,50,,2025,https://youtu.be/A5pKnSjNM8A?si=9NGwRDSR5cHHy214
JQcom376,JQ Composey,Misty Nafis,Tasbih Semesta,Yopi Darfashi Nafis,Pop Religi,BIG Records,50,50,,2025,https://youtu.be/77aJ0Dudvns?si=G0ifWuI0vSjTxiu2
JQcom377,JQ Composey,Febree,Ramadhan (Hari Kemenangan),"Febri Yusuf Ramadhan, Sunu Prasasti",Pop Religi,BIG Records,25,50,,2025,https://youtu.be/o9Dyw4kmlqw?si=4YPvcPK1va3Eeuaj
JQcom378,JQ Composey,Dimas WItjak,Sajadah Taqwa,Dimas Wicaksono,Pop Religi,BIG Records,50,50,,2025,https://youtu.be/nc6PGcJ7naY?si=k8y2TTwAZk4_Dt0g
JQcom379,JQ Composey,R-Pro,Bias,Febrian Andriansyah,Pop,BIG Records,50,50,,2025,https://youtu.be/Se_slALtSLU?si=IJRQbPV17nJapKju
JQcom380,JQ Composey,SAMARIA,JANGAN SEENAKNYA,Yafet Wijaya,Alternative,BIG Records,50,50,,2025,https://youtu.be/T0U7iyn3E04?si=FdpS0bTJFyUK8Rme
JQcom381,JQ Composey,Dimas WItjak,Kutemukan Darimu,Dimas Wicaksono,Pop,BIG Records,50,50,,2025,https://youtu.be/ZR-74V-f6js?si=8x9Hp802ygglhq0-
JQcom382,JQ Composey,Dimas WItjak,Bosan,Dimas Wicaksono,Pop,BIG Records,50,50,,2025,https://youtu.be/b094V8ImW64?si=b_zpaYM29zazjUTV
JQcom383,JQ Composey,Twonda,Back To You (Till The End Of Time),"Dika Kusumah Nugraha, Yana Juniar",Pop,BIG Records,50,50,,2025,https://youtu.be/XTQ8g0G51T0?si=nZYutcBcZ0hSdFCZ
JQcom384,JQ Composey,Annasta,Nayanika,"Putri Annasta, Sunu Prasasti",Pop,BIG Records,25,50,,2025,https://youtu.be/sa6nYa98htA?si=18Y8YUcE2N-TZttK
JQcom385,JQ Composey,Nalara.,Pandai Meniru,Indra Indriyadi,Pop,BIG Records,50,50,,2025,https://youtu.be/mSUX-e_KE6Y?si=IUB2Js5yLYLfEyc6
JQcom386,JQ Composey,FOODOMORE,Bunga,"Yulius Aprianto, JOHN RINSON NICOLAUS, ANDHIKA PUDI SISWANTO, SAGIT HARIAJI, Sunu Prasasti , Mikhael Mestro MS",Pop,BIG Records,8.33,50,,2025,
JQcom387,JQ Composey,Dessy Wulandari,Berharap,Anton Sugiharto,Dangdut,Manis Musik,50,50,,2025,
JQcom388,JQ Composey,Dessy Wulandari,Cerita Yang Pernah Ada,Anton Sugiharto,Dangdut,Manis Musik,50,50,,2025,
JQcom389,JQ Composey,Dessy Wulandari,Kini Mantan,Anton Sugiharto,Dangdut,Manis Musik,50,50,,2025,
JQcom390,JQ Composey,Dessy Wulandari,Rindu,Anton Sugiharto,Dangdut,Manis Musik,50,50,,2025,
JQcom391,JQ Composey,Diajeng,Kowe Sik Biyen Janji,Anton Sugiharto,Dangdut,Manis Musik,50,50,,2025,
JQcom392,JQ Composey,Diajeng,Kowe Uwis Lali,Anton Sugiharto,Dangdut,Manis Musik,50,50,,2025,
JQcom393,,,,,,,,,,,
JQcom394,,,,,,,,,,,
JQcom395,,,,,,,,,,,
JQcom396,,,,,,,,,,,
JQcom397,,,,,,,,,,,
JQcom398,,,,,,,,,,,
JQcom399,,,,,,,,,,,
JQcom400,,,,,,,,,,,
JQcom401,,,,,,,,,,,
JQcom402,,,,,,,,,,,
JQcom403,,,,,,,,,,,
JQcom404,,,,,,,,,,,
JQcom405,,,,,,,,,,,
JQcom406,,,,,,,,,,,
JQcom407,,,,,,,,,,,
JQcom408,,,,,,,,,,,
JQcom409,,,,,,,,,,,
JQcom410,,,,,,,,,,,
JQcom411,,,,,,,,,,,
JQcom412,,,,,,,,,,,
JQcom413,,,,,,,,,,,
JQcom414,,,,,,,,,,,
JQcom415,,,,,,,,,,,
JQcom416,,,,,,,,,,,
JQcom417,,,,,,,,,,,
